id,pair_id,message,label,language,split_role,source,source_id,is_synthetic,channel,role,persona,pattern,qc_status,notes
ib_v1_000001,p_001,"Bhai mera phone toot gaya, yeh naya number hai. Mummy ko clinic le jaana hai, 4500 is UPI pe abhi bhej de: 9876512340@ybl. Abhi mat call karna, battery nahi hai.",IMPERSONATION_SCAM,Hinglish,train,human,,True,whatsapp,scammer,brother,phone_broken,gold,clinic money topic; scam adds new number + new UPI + don't call
ib_v1_000002,p_001,Bhai kal clinic ke baad ghar aa raha hun. Medicines ka 500 tere last wale UPI pe shaam tak bhej dunga. 7 baje phone pe baat kar lena.,LEGIT_PERSONAL,Hinglish,train,human,,True,whatsapp,personal,brother,phone_broken,gold,clinic money topic; scam adds new number + new UPI + don't call
ib_v1_000003,p_002,"Bro screen smash ho gaya, yeh cousin ke number se likh raha hun. Auto wale ko 1200 dena hai abhi, UPI kar de 8811122233@paytm pe. Baad mein samjhaunga.",IMPERSONATION_SCAM,Hinglish,train,human,,True,whatsapp,scammer,brother,phone_broken,gold,auto fare; legit repayment on known GPay
ib_v1_000004,p_002,"Bro auto ka 1200 kal tere GPay pe return kar dunga, same number jo last week use kiya. Screen repair Monday ko karwaunga, abhi tension mat le.",LEGIT_PERSONAL,Hinglish,train,human,,True,whatsapp,personal,brother,phone_broken,gold,auto fare; legit repayment on known GPay
ib_v1_000005,p_003,"Yaar mera handset drown ho gaya bathroom mein. Temporary SIM se msg hai. 3000 bhej de 7007007000@oksbi pe, landlord rent maang raha hai aaj. Call mat karna yeh number unknown hai.",IMPERSONATION_SCAM,Hinglish,train,human,,True,whatsapp,scammer,friend,phone_broken,gold,rent; scam uses unknown number + don't call
ib_v1_000006,p_003,"Yaar rent ka 3000 jo tune advance diya tha, 3 tarikh ko tere hi UPI pe wapas kar dunga. Naya SIM nahi hai, yeh mera hi WhatsApp hai.",LEGIT_PERSONAL,Hinglish,train,human,,True,whatsapp,personal,friend,phone_broken,gold,rent; scam uses unknown number + don't call
ib_v1_000007,p_004,"Papa phone gir ke kharab ho gaya. Neighbour ke mobile se likh raha hun. Gas cylinder wale ko 1100 UPI kar do is id pe cylinder-help@ybl. Jaldi, woh nikalne wala hai.",IMPERSONATION_SCAM,Hinglish,train,human,,True,whatsapp,scammer,parent,phone_broken,gold,gas cylinder; legit stays on official/usual channel
ib_v1_000008,p_004,"Papa gas booking mera usual number se ho gayi, 1100 Indane app se hi katega. Neighbour ke phone ki zarurat nahi, shaam ko ghar pe milte hain.",LEGIT_PERSONAL,Hinglish,train,human,,True,whatsapp,personal,parent,phone_broken,gold,gas cylinder; legit stays on official/usual channel
ib_v1_000009,p_005,"Didi mera iPhone repair shop mein chhod diya, yeh shop wale ka number hai. Cab ke liye 850 UPI kar de 9988776655@ibl pe. Abhi nikalna hai, call later.",IMPERSONATION_SCAM,Hinglish,train,human,,True,whatsapp,scammer,sister,phone_broken,gold,cab split vs new shop-number UPI
ib_v1_000010,p_005,"Didi cab ka 850 split kal tere PhonePe pe bhej dungi, jo Diwali pe use kiya tha. iPhone service centre se Monday mil jayega.",LEGIT_PERSONAL,Hinglish,train,human,,True,whatsapp,personal,sister,phone_broken,gold,cab split vs new shop-number UPI
ib_v1_000011,p_006,"Ravi this side, office phone toot gaya presentation se pehle. Client ko 2200 reimburse karna hai meri personal UPI pe: ravi-temp@okaxis. Slack pe mat likhna, client sensitive hai.",IMPERSONATION_SCAM,Hinglish,train,human,,True,whatsapp,scammer,colleague,phone_broken,gold,workplace: personal UPI + secrecy vs portal process
ib_v1_000012,p_006,"Ravi here — client lunch ka 2200 expense portal pe daal dena usual GST bill ke saath. Personal UPI mat use karna, finance reject kar dega.",LEGIT_PERSONAL,Hinglish,train,human,,True,whatsapp,personal,colleague,phone_broken,gold,workplace: personal UPI + secrecy vs portal process
ib_v1_000013,p_007,"Papa mera phone class mein tut gaya. Friend ke Android se msg. Project printout 900 ka hai, is UPI pe bhej do print-now@ybl. Ma'am waiting, call mat karna period chal raha hai.",IMPERSONATION_SCAM,Hinglish,train,human,,True,whatsapp,scammer,child,phone_broken,gold,school printout; legit uses known college shop
ib_v1_000014,p_007,"Papa project printout 900 college shop pe card se ho jayega, jo last time swipe kiya tha. Phone theek karwa lunga weekend pe, abhi UPI ki zarurat nahi.",LEGIT_PERSONAL,Hinglish,train,human,,True,whatsapp,personal,child,phone_broken,gold,school printout; legit uses known college shop
ib_v1_000015,p_008,"Bhai display dead hai, yeh PG wale ke phone se. Wifi recharge 499 khatam, is number pe 499 UPI kar de 9090901234@upi. Warna meeting miss ho jayegi.",IMPERSONATION_SCAM,Hinglish,train,human,,True,whatsapp,scammer,brother,phone_broken,gold,recharge; legit already paid on app
ib_v1_000016,p_008,"Bhai wifi 499 ka recharge maine hi Jio app se kar diya saved card se. PG wale ke phone se paise mat bhejna, kal milte hain.",LEGIT_PERSONAL,Hinglish,train,human,,True,whatsapp,personal,brother,phone_broken,gold,recharge; legit already paid on app
ib_v1_000017,p_009,"Dude phone motherboard gone, borrowed this number. Need 1800 for the repair token, send UPI to 8123456789@paytm now. Don't call this guy's phone, he's angry.",IMPERSONATION_SCAM,Hinglish,train,human,,True,whatsapp,scammer,friend,phone_broken,gold,English-heavy Hinglish; still code-mixed on legit
ib_v1_000018,p_009,"Dude repair shop ne 1800 quote diya, kal tere known UPI pe half split bhej dunga after I check the bill. Yeh mera hi chat hai.",LEGIT_PERSONAL,Hinglish,train,human,,True,whatsapp,personal,friend,phone_broken,gold,English-heavy Hinglish; still code-mixed on legit
ib_v1_000019,p_010,"Mummy phone service centre mein hai. Aunty ke mobile se bol rahi hun. Sabzi + medicine 1600 ho gaya, is UPI pe bhej do 9765432109@ybl. Ghar mat aana abhi, line lagi hai.",IMPERSONATION_SCAM,Hinglish,train,human,,True,whatsapp,scammer,parent,phone_broken,gold,household expenses; no new payee on legit
ib_v1_000020,p_010,"Mummy sabzi aur medicine 1600 ka bill photo bhej rahi hun, tere usual account se jab time ho tab transfer kar dena. Service centre se sham ko phone le lungi.",LEGIT_PERSONAL,Hinglish,train,human,,True,whatsapp,personal,parent,phone_broken,gold,household expenses; no new payee on legit
ib_v1_000021,p_011,"Didi charger melt ho gaya, yeh roommate ka WhatsApp web hai. Metro card 400 top-up kar de 8899001122@okicici pe. Train 10 min mein hai, reply mat karna.",IMPERSONATION_SCAM,Hinglish,train,human,,True,whatsapp,scammer,sister,phone_broken,gold,metro top-up
ib_v1_000022,p_011,Didi metro card ka 400 maine already Paytm saved wallet se kar diya. Roommate ke account pe kuch mat bhejna. Station pe milte hain.,LEGIT_PERSONAL,Hinglish,train,human,,True,whatsapp,personal,sister,phone_broken,gold,metro top-up
ib_v1_000023,p_012,"Priya, mera official handset drop ho gaya cab mein. Temporary personal UPI pe 3500 cab+hotel hold karna: priyahelp@oksbi. HR ko mat mail karna, embarrassing hai.",IMPERSONATION_SCAM,Hinglish,train,human,,True,whatsapp,scammer,colleague,phone_broken,gold,travel claim vs personal UPI hold
ib_v1_000024,p_012,"Priya cab+hotel 3500 ka claim Concur pe daal diya with receipts. Official card use hua, personal UPI ki need nahi. HR mail skip, no issue.",LEGIT_PERSONAL,Hinglish,train,human,,True,whatsapp,personal,colleague,phone_broken,gold,travel claim vs personal UPI hold
ib_v1_000025,p_013,"Bhai phone water damage, yeh naya dual SIM hai. Bike EMI 2700 aaj bounce hogi, is id pe bhej de emi-temp@ybl. Bank wale ko mat call karna, main handle karunga.",IMPERSONATION_SCAM,Hinglish,train,human,,True,whatsapp,scammer,brother,phone_broken,gold,EMI; legit says use existing mandate
ib_v1_000026,p_013,"Bhai bike EMI 2700 auto-debit same account se jayegi jo always se hai. Naya UPI mat banana, bounce nahi hona chahiye.",LEGIT_PERSONAL,Hinglish,train,human,,True,whatsapp,personal,brother,phone_broken,gold,EMI; legit says use existing mandate
ib_v1_000027,p_014,"Yaar display black, voice type se likh raha hun dost ke phone pe. Pizza party ka 2100 pending, 2100@apl pe UPI kar de. Host gussa ho raha hai.",IMPERSONATION_SCAM,Hinglish,train,human,,True,whatsapp,scammer,friend,phone_broken,gold,group pay vs stranger UPI handle
ib_v1_000028,p_014,"Yaar pizza ka 2100 split Google Pay group mein request bhej di, jo hum last month use karte hain. Dost ke personal UPI pe mat bhejna.",LEGIT_PERSONAL,Hinglish,train,human,,True,whatsapp,personal,friend,phone_broken,gold,group pay vs stranger UPI handle
ib_v1_000029,p_015,"Papa screen nahi chal raha, shop assistant ke number se. Exam form 750 last hour hai, is UPI pe 750 bhej do formfee@paytm. Office se mat phone lagana.",IMPERSONATION_SCAM,Hinglish,train,human,,True,whatsapp,scammer,parent,phone_broken,gold,exam fee official portal
ib_v1_000030,p_015,"Papa exam form 750 NTA portal se hi pay kar dena saved card se, jo last year use kiya. Shop assistant ko UPI mat karna.",LEGIT_PERSONAL,Hinglish,train,human,,True,whatsapp,personal,parent,phone_broken,gold,exam fee official portal
ib_v1_000031,p_016,"Didi handset stolen, yeh cafe ke wifi se login kiya. Locksmith 1300 maang raha hai, 1300 UPI kar de 9091987654@ybl. Location share nahi kar sakti.",IMPERSONATION_SCAM,Hinglish,train,human,,True,whatsapp,scammer,sister,phone_broken,gold,legit cancels the money ask
ib_v1_000032,p_016,"Didi keys mil gayi, locksmith ki zarurat nahi. Jo 1300 tu ne socha tha woh save kar, kal coffee pe milte hain mere hi number pe.",LEGIT_PERSONAL,Hinglish,train,human,,True,whatsapp,personal,sister,phone_broken,gold,legit cancels the money ask
ib_v1_000033,p_017,"Mumma phone repair wale ke paas hai. Unke UPI pe 2100 labour bhej do 8123981234@ibl. School se nikal ke unke ghar jaungi, tum call mat karna unko.",IMPERSONATION_SCAM,Hinglish,eval_holdout,human,,True,whatsapp,scammer,child,phone_broken,gold,holdout: repair labour; known family card
ib_v1_000034,p_017,"Mumma phone repair ka 2100 quote note kar liya, ghar aake card se denge jo hum hamesha use karte hain. Unke personal UPI pe abhi kuch mat bhejna.",LEGIT_PERSONAL,Hinglish,eval_holdout,human,,True,whatsapp,personal,child,phone_broken,gold,holdout: repair labour; known family card
ib_v1_000035,p_018,"Ankit here, dropped phone in lift. Using reception desk number. Need 1600 petty cash via UPI to desk-upi@okaxis before 5pm audit. Don't message on Teams.",IMPERSONATION_SCAM,Hinglish,eval_holdout,human,,True,whatsapp,scammer,colleague,phone_broken,gold,holdout: petty cash process vs desk UPI
ib_v1_000036,p_018,"Ankit — petty cash 1600 ke liye usual imprest form fill kar diya. Reception UPI pe mat bhejna, audit fail ho jayega. Teams pe thread hai.",LEGIT_PERSONAL,Hinglish,eval_holdout,human,,True,whatsapp,personal,colleague,phone_broken,gold,holdout: petty cash process vs desk UPI
ib_v1_000037,p_019,"Bhai naya keypad wala phone liya tootne ke baad. Electricity bill 3480 due, is private UPI pe pay kar de bill-pay@ybl warna disconnect. Society uncle ko mat batana.",IMPERSONATION_SCAM,Hinglish,eval_holdout,human,,True,whatsapp,scammer,brother,phone_broken,gold,holdout: utility via official app
ib_v1_000038,p_019,"Bhai bijli bill 3480 BESCOM / app se hi bhar dena saved consumer number se. Private UPI pe bill mat bhejna, receipt nahi aayega.",LEGIT_PERSONAL,Hinglish,eval_holdout,human,,True,whatsapp,personal,brother,phone_broken,gold,holdout: utility via official app
ib_v1_000039,p_020,"Yaar phone brick ho gaya update ke baad. Yeh kake ke number se. Helmet 2500 cash on delivery, UPI kar de 9000011111@paytm. Rider 5 min mein hai, pick up mat karna call.",IMPERSONATION_SCAM,Hinglish,eval_holdout,human,,True,whatsapp,scammer,friend,phone_broken,gold,holdout: COD intercept vs own Amazon order
ib_v1_000040,p_020,"Yaar helmet 2500 Amazon pe hi order kar, saved address se. Kake ke number pe UPI mat karna. Evening ko ride pe milte hain.",LEGIT_PERSONAL,Hinglish,eval_holdout,human,,True,whatsapp,personal,friend,phone_broken,gold,holdout: COD intercept vs own Amazon order
ib_v1_000041,p_021,"Didi accident ho gaya, hospital deposit 8000 abhi chahiye. Yeh dost ka phone hai, UPI kar do 9123456780@paytm. Papa ko mat batana, pehle paisa laga do.",IMPERSONATION_SCAM,Hinglish,train,human,,True,whatsapp,scammer,sister,medical,gold,hard-ish: both medical; scam is deposit+secrecy+borrowed phone
ib_v1_000042,p_021,"Didi checkup normal tha. Medicines ka 700 tere usual UPI pe kal bhej dungi, last Holi wala ID. Tension mat le, call pe already bata diya.",LEGIT_PERSONAL,Hinglish,train,human,,True,whatsapp,personal,sister,medical,gold,hard-ish: both medical; scam is deposit+secrecy+borrowed phone
ib_v1_000043,p_022,"Bhai fever 104, clinic ne 3500 advance maanga test ke liye. Yeh chemist ke number se likh raha hun. 3500 UPI: clinic-adv@ybl. Ghar mat aana, infection faila hai.",IMPERSONATION_SCAM,Hinglish,train,human,,True,whatsapp,scammer,brother,medical,gold,lab advance vs official counter
ib_v1_000044,p_022,"Bhai fever hai, tests 3500 ke around honge — kal lab ke official counter pe card se denge. Chemist ke UPI pe advance mat bhejna.",LEGIT_PERSONAL,Hinglish,train,human,,True,whatsapp,personal,brother,medical,gold,lab advance vs official counter
ib_v1_000045,p_023,"Papa nani ko drip lag raha hai. Staff ke phone se. 12000 ICU hold ke liye is UPI pe bhej do icu-hold@okicici. Visiting band hai, yahan mat aana, sirf paisa bhejo.",IMPERSONATION_SCAM,Hinglish,train,human,,True,whatsapp,scammer,parent,medical,gold,ICU; official billing desk
ib_v1_000046,p_023,"Papa nani stable hain, ICU ka 12000 hospital billing desk pe hi dena jo last admission pe use kiya. Staff ke personal UPI pe kuch mat bhejna.",LEGIT_PERSONAL,Hinglish,train,human,,True,whatsapp,personal,parent,medical,gold,ICU; official billing desk
ib_v1_000047,p_024,"Yaar food poisoning, ER mein hun. 4500 cashless nahi chal raha. Is number pe UPI 8888123412@ybl. Mera phone dead, yeh nurse ka hai, unko call mat karna.",IMPERSONATION_SCAM,Hinglish,train,human,,True,whatsapp,scammer,friend,medical,gold,ER cashless fail vs later split on known UPI
ib_v1_000048,p_024,"Yaar food poisoning thi, discharge ho gaya. 4500 ka bill photo bhej raha hun, jab free ho tere known UPI se half split kar dena. Nurse ko disturb mat karna.",LEGIT_PERSONAL,Hinglish,train,human,,True,whatsapp,personal,friend,medical,gold,ER cashless fail vs later split on known UPI
ib_v1_000049,p_025,"Mumma school infirmary se. Injection 600 ka, warden ke UPI pe 600 bhej do 7000556677@paytm. Class resume ho rahi, abhi call mat lagana.",IMPERSONATION_SCAM,Hinglish,train,human,,True,whatsapp,scammer,child,medical,gold,school infirmary
ib_v1_000050,p_025,"Mumma infirmary ne 600 injection kaha, ghar aake medical card se settle karenge. Warden ke personal UPI pe mat bhejna, school policy ke khilaaf hai.",LEGIT_PERSONAL,Hinglish,train,human,,True,whatsapp,personal,child,medical,gold,school infirmary
ib_v1_000051,p_026,"Neha, I fainted in pantry, clinic next door wants 2800 now. Send to neha-med@oksbi. Don't tell manager, I'll lose the onsite.",IMPERSONATION_SCAM,Hinglish,train,human,,True,whatsapp,scammer,colleague,medical,gold,workplace medical + secrecy vs insurance process
ib_v1_000052,p_026,"Neha pantry mein dizzy hui thi, clinic 2800 insurance se cover hoga. Personal UPI skip karo, HR mediclaim form group mein daal diya.",LEGIT_PERSONAL,Hinglish,train,human,,True,whatsapp,personal,colleague,medical,gold,workplace medical + secrecy vs insurance process
ib_v1_000053,p_027,"Bhai daant toot gaya, dentist 5000 advance. Reception ke QR se mat karna, yeh unka personal 5000@ybl hai jaldi. Dard se call nahi utha paunga.",IMPERSONATION_SCAM,Hinglish,train,human,,True,whatsapp,scammer,brother,medical,gold,dentist POS vs personal QR
ib_v1_000054,p_027,"Bhai dentist 5000 ka estimate diya, Saturday ko unke clinic POS pe card chalega. Personal QR pe advance mat bhejna.",LEGIT_PERSONAL,Hinglish,train,human,,True,whatsapp,personal,brother,medical,gold,dentist POS vs personal QR
ib_v1_000055,p_028,"Didi baby ka vaccine camp, 900 cash nahi chal raha. Volunteer ke UPI 8111222333@ibl pe bhej de. Line se nikalungi nahi, msg pe reply mat kar.",IMPERSONATION_SCAM,Hinglish,train,human,,True,whatsapp,scammer,sister,medical,gold,vaccine camp volunteer UPI is a common scam
ib_v1_000056,p_028,"Didi vaccine 900 government centre pe free / card se ho jayega. Volunteer personal UPI ignore kar, official token le lena.",LEGIT_PERSONAL,Hinglish,train,human,,True,whatsapp,personal,sister,medical,gold,vaccine camp volunteer UPI is a common scam
ib_v1_000057,p_029,"Papa eyesight test, shop ne 2200 frame ke liye abhi UPI maanga 7766554433@paytm. Yeh unka naya number hai, store pe mat aana offer khatam ho jayega.",IMPERSONATION_SCAM,Hinglish,train,human,,True,whatsapp,scammer,parent,medical,gold,optical store pressure
ib_v1_000058,p_029,"Papa frame 2200 ka pasand aaya, weekend ko optical store pe jaake card se lenge. Unke personal number pe UPI mat karna.",LEGIT_PERSONAL,Hinglish,train,human,,True,whatsapp,personal,parent,medical,gold,optical store pressure
ib_v1_000059,p_030,"Yaar stitches 18, pharmacy 1600 ka bill. Compounder ke phone se. 1600 UPI pharma-now@ybl. Blood dekh ke ghabra gaya, aana mat, sirf paisa.",IMPERSONATION_SCAM,Hinglish,train,human,,True,whatsapp,scammer,friend,medical,gold,invoice later vs compounder UPI now
ib_v1_000060,p_030,"Yaar stitches ho gaye, pharmacy 1600 ka invoice WhatsApp pe bhej diya. Tere regular UPI se jab convenient ho tab bhej dena, koi jaldi nahi.",LEGIT_PERSONAL,Hinglish,train,human,,True,whatsapp,personal,friend,medical,gold,invoice later vs compounder UPI now
ib_v1_000061,p_031,"Bhai oxygen cylinder 4200 deposit. Supplier ke driver ke UPI pe 4200@okaxis. Building gate pe wait, security ko mat bolna.",IMPERSONATION_SCAM,Hinglish,train,human,,True,whatsapp,scammer,brother,medical,gold,medical equipment deposit
ib_v1_000062,p_031,"Bhai oxygen supplier ka 4200 deposit unke official GST invoice pe hi dena. Driver personal UPI cancel, gate pe bill check karenge.",LEGIT_PERSONAL,Hinglish,train,human,,True,whatsapp,personal,brother,medical,gold,medical equipment deposit
ib_v1_000063,p_032,"Mummy physio 1800 aaj first session. Trainer ne naya UPI diya 9654123780@ybl. Class start ho gayi, baad mein baat, abhi bhej do.",IMPERSONATION_SCAM,Hinglish,train,human,,True,whatsapp,scammer,parent,medical,gold,physio package via reception
ib_v1_000064,p_032,Mummy physio 1800 package clinic reception se Monday book karenge. Trainer ke personal UPI pe first session mat bhejna.,LEGIT_PERSONAL,Hinglish,train,human,,True,whatsapp,personal,parent,medical,gold,physio package via reception
ib_v1_000065,p_033,"Didi blood test fasting, lab boy ke number se. 1350 UPI labboy@paytm pe warna sample discard. Main OT ke bahar hun, call disconnect kar dungi.",IMPERSONATION_SCAM,Hinglish,train,human,,True,whatsapp,scammer,sister,medical,gold,lab boy classic intercept
ib_v1_000066,p_033,"Didi blood test 1350 lab ke billing window pe hi, jo last thyroid test pe gaya tha. Lab boy ke number pe UPI mat karna.",LEGIT_PERSONAL,Hinglish,train,human,,True,whatsapp,personal,sister,medical,gold,lab boy classic intercept
ib_v1_000067,p_034,"Yaar ambulance 5400 cash nahi le rahe. Driver ke UPI 7317317317@ybl pe abhi. Hospital gate pe hun, siren ki wajah se call nahi uthega.",IMPERSONATION_SCAM,Hinglish,eval_holdout,human,,True,whatsapp,scammer,friend,medical,gold,holdout: ambulance driver UPI
ib_v1_000068,p_034,"Yaar ambulance 5400 ka official receipt aa gaya, insurance claim mein laga denge. Driver UPI skip, billing desk se settle hua.",LEGIT_PERSONAL,Hinglish,eval_holdout,human,,True,whatsapp,personal,friend,medical,gold,holdout: ambulance driver UPI
ib_v1_000069,p_035,"Papa sports injury, coach ke phone se. Ice pack + wrap 950, UPI coach-med@okicici. Ground se nikal nahi sakta, tum stadium mat aana.",IMPERSONATION_SCAM,Hinglish,eval_holdout,human,,True,whatsapp,scammer,child,medical,gold,holdout: sports injury
ib_v1_000070,p_035,"Papa ankle twist hua, wrap 950 ki dawai medical room se mil gayi. Coach ko UPI mat karna, school infirmary slip hai.",LEGIT_PERSONAL,Hinglish,eval_holdout,human,,True,whatsapp,personal,child,medical,gold,holdout: sports injury
ib_v1_000071,p_036,"Papa dialysis slot hold 7000. Technician ke personal QR, 7000 UPI dialysis-slot@ybl. Ward visiting band, sirf transfer karo.",IMPERSONATION_SCAM,Hinglish,eval_holdout,human,,True,whatsapp,scammer,parent,medical,gold,holdout: dialysis slot hold
ib_v1_000072,p_036,Papa dialysis 7000 hospital nephrology counter se prepaid hai jo always se hai. Technician QR ignore karna.,LEGIT_PERSONAL,Hinglish,eval_holdout,human,,True,whatsapp,personal,parent,medical,gold,holdout: dialysis slot hold
ib_v1_000073,p_037,"Papa aaj fees last date 15000. Phone chori ho gaya, dost ke number se. UPI friend-help@okicici pe bhej do. Warden khada hai, jaldi please.",IMPERSONATION_SCAM,Hinglish,train,human,,True,whatsapp,scammer,parent,fees,gold,fees last-date + stolen phone vs official portal
ib_v1_000074,p_037,"Papa fees ka remaining 2000 Monday ko college portal se pay kar dena, last semester wala login. Call pe receipt bhej dunga.",LEGIT_PERSONAL,Hinglish,train,human,,True,whatsapp,personal,parent,fees,gold,fees last-date + stolen phone vs official portal
ib_v1_000075,p_038,"Mumma exam form late fee 2400 aaj 5 baje tak. Coordinator ke UPI 2400@ybl. School se hold kiya hai, ghar mat aana pehle paisa bhejo.",IMPERSONATION_SCAM,Hinglish,train,human,,True,whatsapp,scammer,child,fees,gold,late fee ERP
ib_v1_000076,p_038,"Mumma late fee 2400 school ERP se hi, jo annual fees pe use kiya. Coordinator personal UPI school allow nahi karta.",LEGIT_PERSONAL,Hinglish,train,human,,True,whatsapp,personal,child,fees,gold,late fee ERP
ib_v1_000077,p_039,"Papa hostel mess dues 3800, warden ne naya QR bheja mess-due@paytm. Gate pass nahi milega warna. Unko personally call mat karna, busy hain.",IMPERSONATION_SCAM,Hinglish,train,human,,True,whatsapp,scammer,parent,fees,gold,hostel mess dues
ib_v1_000078,p_039,"Papa mess dues 3800 hostel portal / DD se hi. Warden ke personal QR pe mat bhejna, notice board pe official account hai.",LEGIT_PERSONAL,Hinglish,train,human,,True,whatsapp,personal,parent,fees,gold,hostel mess dues
ib_v1_000079,p_040,"Didi coaching installment 6200 aaj last. Sir ke personal UPI 9810012345@oksbi. Batch se nikaal denge, mummy ko mat batana fail ho jaungi.",IMPERSONATION_SCAM,Hinglish,train,human,,True,whatsapp,scammer,sister,fees,gold,coaching + secrecy toward mum
ib_v1_000080,p_040,"Didi coaching 6200 ka installment unke institute account pe, jo April mein use kiya. Sir ke personal UPI pe mat dena, receipt nahi milta.",LEGIT_PERSONAL,Hinglish,train,human,,True,whatsapp,personal,sister,fees,gold,coaching + secrecy toward mum
ib_v1_000081,p_041,"Papa bus fee 1750, conductor ke phone se reminder. UPI busfee-temp@ybl pe aaj. School office closed, kal late mark.",IMPERSONATION_SCAM,Hinglish,train,human,,True,whatsapp,scammer,parent,fees,gold,bus fee conductor intercept
ib_v1_000082,p_041,Papa bus fee 1750 school transport office ke listed account se. Conductor ke phone pe UPI mat karna.,LEGIT_PERSONAL,Hinglish,train,human,,True,whatsapp,personal,parent,fees,gold,bus fee conductor intercept
ib_v1_000083,p_042,"Papa lab breakage fine 900. Lab assistant ke UPI labfine@okaxis. Practical se pehle clear karna hai, class mein call mat karna.",IMPERSONATION_SCAM,Hinglish,train,human,,True,whatsapp,scammer,child,fees,gold,lab fine chalan
ib_v1_000084,p_042,Papa lab fine 900 college accounts counter pe chalan se. Lab assistant ko direct UPI school handbook ke against hai.,LEGIT_PERSONAL,Hinglish,train,human,,True,whatsapp,personal,child,fees,gold,lab fine chalan
ib_v1_000085,p_043,"Bhai semester exam fee 4100 midnight tak. Temporary student UPI 4100@ybl because portal down. Admin ko mail mat kar, woh ignore karte hain.",IMPERSONATION_SCAM,Hinglish,train,human,,True,whatsapp,scammer,brother,fees,gold,portal down excuse
ib_v1_000086,p_043,"Bhai exam fee 4100 portal down hai toh kal morning official window pe card se. Temporary student UPI skip, screenshot rakh.",LEGIT_PERSONAL,Hinglish,train,human,,True,whatsapp,personal,brother,fees,gold,portal down excuse
ib_v1_000087,p_044,"Papa PTA fund 800 aaj. Class teacher ke personal GPay 800@paytm. Meeting start, unko disturb mat karna sirf UPI.",IMPERSONATION_SCAM,Hinglish,train,human,,True,whatsapp,scammer,parent,fees,gold,PTA fund
ib_v1_000088,p_044,"Papa PTA 800 school circular wale account number pe. Teacher ke GPay pe fund mat bhejna, audit hota hai.",LEGIT_PERSONAL,Hinglish,train,human,,True,whatsapp,personal,parent,fees,gold,PTA fund
ib_v1_000089,p_045,"Papa uniform 2600 shop ke UPI pe 8899776611@ybl, school tie-up hai aaj only. Main shop pe hun, tum aana mat line lambi hai.",IMPERSONATION_SCAM,Hinglish,train,human,,True,whatsapp,scammer,parent,fees,gold,uniform shop pressure
ib_v1_000090,p_045,Papa uniform 2600 authorised school store pe card / listed UPI se. Random shop UPI pe aaj-only offer ignore karna.,LEGIT_PERSONAL,Hinglish,train,human,,True,whatsapp,personal,parent,fees,gold,uniform shop pressure
ib_v1_000091,p_046,"Mumma trip consent money 1500. Incharge ne naya QR trip-upi@okicici. Bus 20 min mein, signature baad mein, pehle paisa.",IMPERSONATION_SCAM,Hinglish,train,human,,True,whatsapp,scammer,child,fees,gold,trip money
ib_v1_000092,p_046,"Mumma trip 1500 school notice ke account pe last date kal hai, koi jaldi nahi. Incharge personal QR nahi chalega.",LEGIT_PERSONAL,Hinglish,train,human,,True,whatsapp,personal,child,fees,gold,trip money
ib_v1_000093,p_047,"Papa re-exam fee 3300 aaj 3 baje window band. Clerk ke UPI reexam@paytm. Office queue se nahi nikal sakta, paisa pehle.",IMPERSONATION_SCAM,Hinglish,eval_holdout,human,,True,whatsapp,scammer,parent,fees,gold,holdout: re-exam clerk
ib_v1_000094,p_047,Papa re-exam 3300 controller of exams ke published UPI / DD se. Clerk personal Paytm pe mat bhejna.,LEGIT_PERSONAL,Hinglish,eval_holdout,human,,True,whatsapp,personal,parent,fees,gold,holdout: re-exam clerk
ib_v1_000095,p_048,"Didi library overdue 450, librarian ne personal UPI libfine@ybl diya. ID card hold hai, mummy ko mat batana late fees ki wajah se.",IMPERSONATION_SCAM,Hinglish,eval_holdout,human,,True,whatsapp,scammer,sister,fees,gold,holdout: library fine + mild secrecy on scam
ib_v1_000096,p_048,"Didi library 450 portal fine se clear hoga same student login se. Librarian personal UPI against rules hai, mummy ko tension dene ki zarurat nahi.",LEGIT_PERSONAL,Hinglish,eval_holdout,human,,True,whatsapp,personal,sister,fees,gold,holdout: library fine + mild secrecy on scam
ib_v1_000097,p_049,"Yaar gaadi kharab highway pe, 3000 mechanic ko. Naya number SIM kho gaya. 3000 UPI 9090909090@ybl. Battery 2% call mat karna.",IMPERSONATION_SCAM,Hinglish,train,human,,True,whatsapp,scammer,friend,stranded_friend,gold,highway mechanic vs cancelled trip repayment
ib_v1_000098,p_049,"Yaar trip cancel, jo 1500 advance tha tere same UPI pe raat tak wapas. Location share kar dunga jab nikalun, yeh mera hi number hai.",LEGIT_PERSONAL,Hinglish,train,human,,True,whatsapp,personal,friend,stranded_friend,gold,highway mechanic vs cancelled trip repayment
ib_v1_000099,p_050,"Dude missed last train, hotel 2200 asking UPI on 8112233445@paytm. Using station wifi, this is a borrowed phone. Don't call, uncle will shout.",IMPERSONATION_SCAM,Hinglish,train,human,,True,whatsapp,scammer,friend,stranded_friend,gold,missed train hotel
ib_v1_000100,p_050,"Dude last train miss hui, hotel 2200 I'll pay on the hotel desk card tomorrow and split on our usual GPay. This is my number.",LEGIT_PERSONAL,Hinglish,train,human,,True,whatsapp,personal,friend,stranded_friend,gold,missed train hotel
ib_v1_000101,p_051,"Bhai tyre puncture, puncture wale ka QR 700@okaxis. Andhera hai, location mat aana, sirf 700 UPI kar de is naye id pe.",IMPERSONATION_SCAM,Hinglish,train,human,,True,whatsapp,scammer,brother,stranded_friend,gold,puncture; legit is delayed movie split not emergency
ib_v1_000102,p_051,"Bhai tyre puncture ho gaya, 700 cash tha mere paas. Kal tere UPI pe 700 movie ke liye bhej dena jo tune cover kiya tha, koi emergency nahi.",LEGIT_PERSONAL,Hinglish,train,human,,True,whatsapp,personal,brother,stranded_friend,gold,puncture; legit is delayed movie split not emergency
ib_v1_000103,p_052,"Yaar wallet gir gaya bus mein. Ticket + auto 1600, conductor ke UPI 1600@ybl. Next stop pe utar raha, call mat kar bus noise.",IMPERSONATION_SCAM,Hinglish,train,human,,True,whatsapp,scammer,friend,stranded_friend,gold,wallet left behind
ib_v1_000104,p_052,"Yaar wallet ghar reh gaya, ticket maine online ki thi. Auto 1600 ka split kal usual UPI pe. Conductor ko kuch mat bhejna.",LEGIT_PERSONAL,Hinglish,train,human,,True,whatsapp,personal,friend,stranded_friend,gold,wallet left behind
ib_v1_000105,p_053,"Client site pe cab cancel, 1900 prepaid UPI cab-now@oksbi reception se. Don't ping on Slack, client in the room. Phone not mine.",IMPERSONATION_SCAM,Hinglish,train,human,,True,whatsapp,scammer,colleague,stranded_friend,gold,client site cab
ib_v1_000106,p_053,"Client site cab cancel hui, 1900 company Uber business profile se book kar lo. Reception UPI nahi. Slack pe update daal diya.",LEGIT_PERSONAL,Hinglish,train,human,,True,whatsapp,personal,colleague,stranded_friend,gold,client site cab
ib_v1_000107,p_054,"Didi mall parking jammed, valet ne 500 extra UPI maanga 500@paytm naya. Main gate pe hun, tum aana mat traffic.",IMPERSONATION_SCAM,Hinglish,train,human,,True,whatsapp,scammer,sister,stranded_friend,gold,valet extra
ib_v1_000108,p_054,"Didi parking 500 extra nahi dena, mall app se slot book kar. Valet personal UPI skip. Gate pe 10 min mein nikal aati hun.",LEGIT_PERSONAL,Hinglish,train,human,,True,whatsapp,personal,sister,stranded_friend,gold,valet extra
ib_v1_000109,p_055,"Yaar phone dead, this tapri wale ka number. Bike petrol 650, UPI 9822011122@ybl. Highway dhaba, don't come it's unsafe, only money.",IMPERSONATION_SCAM,Hinglish,train,human,,True,whatsapp,scammer,friend,stranded_friend,gold,petrol tapri
ib_v1_000110,p_055,Yaar petrol 650 daal diya my card se. Kal ride ke snacks ka 200 tere usual UPI pe maangunga. Tapri wale ko UPI mat karna.,LEGIT_PERSONAL,Hinglish,train,human,,True,whatsapp,personal,friend,stranded_friend,gold,petrol tapri
ib_v1_000111,p_056,"Bhai bus breakdown, spare 2800 collector ke UPI spare-bus@okicici. Village network kharab, call drop hoga, sirf UPI.",IMPERSONATION_SCAM,Hinglish,train,human,,True,whatsapp,scammer,brother,stranded_friend,gold,bus breakdown collector
ib_v1_000112,p_056,"Bhai bus late hai, spare parts 2800 company handle karegi. Collector ko personal UPI mat bhejna. Ghar late pouhchunga that's it.",LEGIT_PERSONAL,Hinglish,train,human,,True,whatsapp,personal,brother,stranded_friend,gold,bus breakdown collector
ib_v1_000113,p_057,"Yaar lagage hold at cloak room 1100. Attendant QR cloak@ybl. Train 12 min, don't call I'll miss it.",IMPERSONATION_SCAM,Hinglish,train,human,,True,whatsapp,scammer,friend,stranded_friend,gold,cloak room
ib_v1_000114,p_057,Yaar cloak room 1100 official counter pe card chalega. Attendant QR ignore. Train se pehle main manage kar lunga.,LEGIT_PERSONAL,Hinglish,train,human,,True,whatsapp,personal,friend,stranded_friend,gold,cloak room
ib_v1_000115,p_058,"Airport surge, taxi 3200 on driver UPI 3200@paytm. Using his phone my battery died. Don't tell travel desk I booked personal.",IMPERSONATION_SCAM,Hinglish,train,human,,True,whatsapp,scammer,colleague,stranded_friend,gold,airport surge
ib_v1_000116,p_058,Airport taxi 3200 company preferred vendor se. Driver personal Paytm nahi. Travel desk ko mail kar diya for reimbursement.,LEGIT_PERSONAL,Hinglish,train,human,,True,whatsapp,personal,colleague,stranded_friend,gold,airport surge
ib_v1_000117,p_059,"Yaar ferry miss, next one 2600 private boat wale ke UPI boat@oksbi. Island pe hun, network kaat, call mat try karna.",IMPERSONATION_SCAM,Hinglish,eval_holdout,human,,True,whatsapp,scammer,friend,stranded_friend,gold,holdout: ferry / private boat
ib_v1_000118,p_059,"Yaar ferry miss, next official ticket 2600 counter se. Private boat UPI mat karna. Evening wali ferry le lunga.",LEGIT_PERSONAL,Hinglish,eval_holdout,human,,True,whatsapp,personal,friend,stranded_friend,gold,holdout: ferry / private boat
ib_v1_000119,p_060,"Bhai night bus full, agent ne 1800 UPI maanga last seat 1800@ybl. Stand ke peeche hun, tum mat aana, sirf paisa.",IMPERSONATION_SCAM,Hinglish,eval_holdout,human,,True,whatsapp,scammer,brother,stranded_friend,gold,holdout: bus agent last seat
ib_v1_000120,p_060,"Bhai night bus waitlist pe hun, 1800 official window se hi. Agent UPI scam lagta hai skip. Subah wali bus bhi option hai.",LEGIT_PERSONAL,Hinglish,eval_holdout,human,,True,whatsapp,personal,brother,stranded_friend,gold,holdout: bus agent last seat
ib_v1_000121,p_061,"Papa mummy ko mat batana. Mujhe 7000 chahiye abhi is naye UPI pe 7000@ybl. Ghar aake samjhaunga, pehle transfer kar de.",IMPERSONATION_SCAM,Hinglish,train,human,,True,whatsapp,scammer,child,secrecy,gold,HARD: both have 'don't call/tell'; legit is cake + known UPI + small amount
ib_v1_000122,p_061,"Papa mummy ke birthday cake ke liye 700 UPI kar dena mere same ID pe jo Diwali pe use kiya. Evening tak surprise, call tab mat karna jab bakery ho.",LEGIT_PERSONAL,Hinglish,train,human,,True,whatsapp,personal,child,secrecy,gold,HARD: both have 'don't call/tell'; legit is cake + known UPI + small amount
ib_v1_000123,p_062,"Mumma papa ko mat bolna. Phone bill + extra 4500 is dost ke UPI pe 8123000444@paytm. Shame feel ho raha, abhi bhej do baad mein baat.",IMPERSONATION_SCAM,Hinglish,train,human,,True,whatsapp,scammer,child,secrecy,gold,HARD: secrecy; amount scale + known vs friend UPI
ib_v1_000124,p_062,"Mumma papa ko surprise gift 450 ka socha, tere known UPI pe 450 bhej dena I'll repay from pocket money Friday. Koi extra bill nahi hai.",LEGIT_PERSONAL,Hinglish,train,human,,True,whatsapp,personal,child,secrecy,gold,HARD: secrecy; amount scale + known vs friend UPI
ib_v1_000125,p_063,"Bhai ghar walon ko mat batana, 9000 chahiye is naye number ke UPI pe. Court wali cheez nahi hai, bas jaldi kar de.",IMPERSONATION_SCAM,Hinglish,train,human,,True,whatsapp,scammer,brother,secrecy,gold,secrecy word appears on both; payee + amount + court cue on scam
ib_v1_000126,p_063,"Bhai ghar pe surprise dinner plan hai, 900 groceries mere usual UPI pe bhej dena. Court kuch nahi, normal weekend.",LEGIT_PERSONAL,Hinglish,train,human,,True,whatsapp,personal,brother,secrecy,gold,secrecy word appears on both; payee + amount + court cue on scam
ib_v1_000127,p_064,"Didi mummy ko mat batana, makeup course 5500 aaj lock. Sir ke personal UPI course-lock@okicici. Fail ho jaungi warna.",IMPERSONATION_SCAM,Hinglish,train,human,,True,whatsapp,scammer,sister,secrecy,gold,course lock vs small amazon kit
ib_v1_000128,p_064,"Didi makeup kit 550 ka order Amazon pe hai, tere saved card se mat katna I'll use mine. Mummy ko surprise dena hai Sunday, koi course lock nahi.",LEGIT_PERSONAL,Hinglish,train,human,,True,whatsapp,personal,sister,secrecy,gold,course lock vs small amazon kit
ib_v1_000129,p_065,"Yaar group mein mat likhna. 4000 chahiye is temp UPI 4000@ybl, family issue. Call recording ho sakti hai isliye sirf UPI.",IMPERSONATION_SCAM,Hinglish,train,human,,True,whatsapp,scammer,friend,secrecy,gold,group secrecy vs spoiler; 4000 vs 400
ib_v1_000130,p_065,"Yaar group mein spoil mat karna movie plan. Snacks 400 mere usual UPI pe split later. Family issue nahi, just spoiler alert.",LEGIT_PERSONAL,Hinglish,train,human,,True,whatsapp,personal,friend,secrecy,gold,group secrecy vs spoiler; 4000 vs 400
ib_v1_000131,p_066,"Papa yeh baat mummy se mat share karna. Bike down payment 12000 friend ke UPI pe aaj. Dealer wait nahi karega, call mat karna unko.",IMPERSONATION_SCAM,Hinglish,train,human,,True,whatsapp,scammer,child,secrecy,gold,bike down payment channel
ib_v1_000132,p_066,"Papa bike research kar raha hun, 12000 down payment ke liye savings use karunga. Friend ke UPI pe dealer payment mat karna, showroom se hi.",LEGIT_PERSONAL,Hinglish,train,human,,True,whatsapp,personal,child,secrecy,gold,bike down payment channel
ib_v1_000133,p_067,Don't tell Rohit. I need 2500 on this new UPI 2500@paytm for a private thing. Delete this chat after sending.,IMPERSONATION_SCAM,Hinglish,train,human,,True,whatsapp,scammer,friend,secrecy,gold,HARD English-heavy; delete-chat cue on scam only
ib_v1_000134,p_067,"Don't tell Rohit about the gift. 250 for wrapping, send on my old GPay when you can. No new UPI, chat rakh bhi sakte ho.",LEGIT_PERSONAL,Hinglish,train,human,,True,whatsapp,personal,friend,secrecy,gold,HARD English-heavy; delete-chat cue on scam only
ib_v1_000135,p_068,Bhai papa ko mat batana loan wali baat. 8000 is UPI pe 8800880088@ybl abhi. Collection wale ghar aa sakte hain.,IMPERSONATION_SCAM,Hinglish,train,human,,True,whatsapp,scammer,brother,secrecy,gold,loan collection scare vs small gift
ib_v1_000136,p_068,"Bhai papa ko surprise tools gift 800 ka, mere regular UPI pe bhej dena. Loan collection kuch nahi, normal Amazon order.",LEGIT_PERSONAL,Hinglish,train,human,,True,whatsapp,personal,brother,secrecy,gold,loan collection scare vs small gift
ib_v1_000137,p_069,"Didi in-laws ko mat batana. 6500 medical test private lab UPI lab-secret@oksbi. Family drama ho jayega warna, sirf paisa bhej.",IMPERSONATION_SCAM,Hinglish,train,human,,True,whatsapp,scammer,sister,secrecy,gold,private lab secrecy
ib_v1_000138,p_069,Didi routine test 650 lab ke official desk pe. In-laws ko batane ki koi secret medical UPI nahi. Report group mein aa jayegi.,LEGIT_PERSONAL,Hinglish,train,human,,True,whatsapp,personal,sister,secrecy,gold,private lab secrecy
ib_v1_000139,p_070,Mumma school wali aunty ko mat bolna. Fine 3200 principal ke personal UPI 3200@ybl. Name board pe lagega warna.,IMPERSONATION_SCAM,Hinglish,eval_holdout,human,,True,whatsapp,scammer,child,secrecy,gold,holdout HARD: school shame + principal UPI
ib_v1_000140,p_070,"Mumma school fine 320 circular ke according accounts se. Principal personal UPI nahi hota. Aunty ko normal baat kar lena, koi board nahi.",LEGIT_PERSONAL,Hinglish,eval_holdout,human,,True,whatsapp,personal,child,secrecy,gold,holdout HARD: school shame + principal UPI
ib_v1_000141,p_071,"Yaar office group mat tag karna. 5100 chahiye naye UPI pe 5100@okicici, HR wali complaint. Delete after pay.",IMPERSONATION_SCAM,Hinglish,eval_holdout,human,,True,whatsapp,scammer,friend,secrecy,gold,holdout: HR scare vs birthday cake
ib_v1_000142,p_071,Yaar office group mein birthday spoil mat karna. Cake 510 mere old UPI pe later. HR complaint kuch nahi.,LEGIT_PERSONAL,Hinglish,eval_holdout,human,,True,whatsapp,personal,friend,secrecy,gold,holdout: HR scare vs birthday cake
ib_v1_000143,p_072,"Papa yeh chat screenshot mat lena. 10000 is temp UPI pe tuition wale ne private maanga. Unko call mat karna, deal secret hai.",IMPERSONATION_SCAM,Hinglish,eval_holdout,human,,True,whatsapp,scammer,child,secrecy,gold,holdout: secret tuition vs listed account
ib_v1_000144,p_072,"Papa tuition 10000 institute ke listed account pe jaise last quarter. Private temp UPI pe mat dena, screenshot rakhna receipt ke liye theek hai.",LEGIT_PERSONAL,Hinglish,eval_holdout,human,,True,whatsapp,personal,child,secrecy,gold,holdout: secret tuition vs listed account
ib_v1_000145,p_073,"Bhai neighbour ka phone use kar raha hun, mera drown. 5000 bhej do 9876543210@paytm, kal return. Please yaar, unko call mat karna.",IMPERSONATION_SCAM,Hinglish,train,human,,True,whatsapp,scammer,brother,borrowed_phone,gold,classic borrowed phone vs WhatsApp web
ib_v1_000146,p_073,"Bhai charger nahi hai isliye WhatsApp web se. Kal office mein 500 jo udhaar liya tha cash de dunga, UPI ki zarurat nahi. Neighbour involve nahi.",LEGIT_PERSONAL,Hinglish,train,human,,True,whatsapp,personal,brother,borrowed_phone,gold,classic borrowed phone vs WhatsApp web
ib_v1_000147,p_074,Yaar using Rohit's phone mine is at service. Send 2700 to 9008007006@ybl for the spare. Don't call Rohit he'll get confused.,IMPERSONATION_SCAM,Hinglish,train,human,,True,whatsapp,scammer,friend,borrowed_phone,gold,service centre + friend's phone
ib_v1_000148,p_074,"Yaar phone service centre mein hai, yeh mera WhatsApp linked hai. Spare 2700 kal centre pe card se. Rohit ko UPI mat bhejna.",LEGIT_PERSONAL,Hinglish,train,human,,True,whatsapp,personal,friend,borrowed_phone,gold,service centre + friend's phone
ib_v1_000149,p_075,"Papa shopkeeper ke mobile se bol raha hun. 1400 ka saman uthana hai, unke UPI 1400@okaxis pe bhej do. Main queue mein hun.",IMPERSONATION_SCAM,Hinglish,train,human,,True,whatsapp,scammer,parent,borrowed_phone,gold,shopkeeper phone
ib_v1_000150,p_075,"Papa shop ka 1400 ghar aake mere usual UPI / cash se. Shopkeeper ke mobile pe abhi mat bhejna, bill leke aata hun.",LEGIT_PERSONAL,Hinglish,train,human,,True,whatsapp,personal,parent,borrowed_phone,gold,shopkeeper phone
ib_v1_000151,p_076,"Didi salon wali didi ka phone hai, mera bag locker mein. 1800 package UPI salon-temp@paytm. Dryer noise, call disconnect hoga.",IMPERSONATION_SCAM,Hinglish,train,human,,True,whatsapp,scammer,sister,borrowed_phone,gold,salon staff phone
ib_v1_000152,p_076,Didi salon package 1800 reception POS pe. Staff ke personal phone se UPI mat karna. Bag locker mein hi rehne de.,LEGIT_PERSONAL,Hinglish,train,human,,True,whatsapp,personal,sister,borrowed_phone,gold,salon staff phone
ib_v1_000153,p_077,"Using intern's phone, mine forgot at home. Need 2100 UPI intern-upi@oksbi for courier collect. Don't email intern, awkward.",IMPERSONATION_SCAM,Hinglish,train,human,,True,whatsapp,scammer,colleague,borrowed_phone,gold,intern phone courier
ib_v1_000154,p_077,"Forgot phone at home, sending from laptop WhatsApp. Courier 2100 company account se. Intern ke UPI pe collect mat karna.",LEGIT_PERSONAL,Hinglish,train,human,,True,whatsapp,personal,colleague,borrowed_phone,gold,intern phone courier
ib_v1_000155,p_078,"Bhai cousin ke handset se. 3600 chahiye 3600@ybl pe, mera SIM nahi chal raha. Cousin ko mat ring karna so raha hai.",IMPERSONATION_SCAM,Hinglish,train,human,,True,whatsapp,scammer,brother,borrowed_phone,gold,cousin handset vs visiting cousin
ib_v1_000156,p_078,"Bhai cousin ke ghar hun but yeh mera number hai. 3600 ki koi emergency nahi, kal usual UPI pe movie tickets settle karenge.",LEGIT_PERSONAL,Hinglish,train,human,,True,whatsapp,personal,brother,borrowed_phone,gold,cousin handset vs visiting cousin
ib_v1_000157,p_079,"Guard ke phone se likh raha society gate pe. 800 visitor parking UPI guard-park@paytm. Gate pe wait, tum bahar mat aana.",IMPERSONATION_SCAM,Hinglish,train,human,,True,whatsapp,scammer,friend,borrowed_phone,gold,society guard
ib_v1_000158,p_079,Society parking 800 app se already paid. Guard ke personal UPI pe mat bhejna. Gate pe 5 min mein aa raha hun mere number se.,LEGIT_PERSONAL,Hinglish,train,human,,True,whatsapp,personal,friend,borrowed_phone,gold,society guard
ib_v1_000159,p_080,"Mummy relative ke phone se, mera switch off. 2500 for taxi from station 2500@okicici. Relative ko baat mat karna late night hai.",IMPERSONATION_SCAM,Hinglish,train,human,,True,whatsapp,scammer,parent,borrowed_phone,gold,station taxi relative phone
ib_v1_000160,p_080,"Mummy station se taxi 2500 around hogi, ghar aake usual UPI se settle. Relative ke number pe paise mat bhejna, main call kar lunga.",LEGIT_PERSONAL,Hinglish,train,human,,True,whatsapp,personal,parent,borrowed_phone,gold,station taxi relative phone
ib_v1_000161,p_081,"Reception phone se, badge printer down. 950 temp UPI print-temp@ybl for vendor. Don't raise IT ticket yet.",IMPERSONATION_SCAM,Hinglish,train,human,,True,whatsapp,scammer,colleague,borrowed_phone,gold,reception / vendor
ib_v1_000162,p_081,"Badge printer down, IT ticket daal diya. 950 vendor ko company PO se. Reception UPI nahi. Laptop se likh raha hun.",LEGIT_PERSONAL,Hinglish,train,human,,True,whatsapp,personal,colleague,borrowed_phone,gold,reception / vendor
ib_v1_000163,p_082,Bhai PG cook ke phone se. Gas khatam 1100 cylinder wale ke UPI 1100@paytm. Cook ko call mat kar subah ki duty hai.,IMPERSONATION_SCAM,Hinglish,train,human,,True,whatsapp,scammer,brother,borrowed_phone,gold,PG cook phone
ib_v1_000164,p_082,Bhai cylinder 1100 official booking number se. Cook ke phone pe UPI mat karna. PG group mein already update hai.,LEGIT_PERSONAL,Hinglish,train,human,,True,whatsapp,personal,brother,borrowed_phone,gold,PG cook phone
ib_v1_000165,p_083,"Didi roommate ka phone, mera freeze ho gaya. 1700 rent difference 1700@oksbi. Roommate so rahi, disturb mat karna.",IMPERSONATION_SCAM,Hinglish,train,human,,True,whatsapp,scammer,sister,borrowed_phone,gold,roommate phone rent
ib_v1_000166,p_083,Didi rent difference 1700 landlord ke listed UPI pe jaise last month. Roommate ke phone / UPI pe mat bhejna. Mera WhatsApp web chal raha.,LEGIT_PERSONAL,Hinglish,train,human,,True,whatsapp,personal,sister,borrowed_phone,gold,roommate phone rent
ib_v1_000167,p_084,Yaar cafe ke tablet se login kiya. 1300 bill unke UPI cafe-tab@ybl kyunki wallet fail. Staff ko call mat karna shift change.,IMPERSONATION_SCAM,Hinglish,eval_holdout,human,,True,whatsapp,scammer,friend,borrowed_phone,gold,holdout: cafe tablet
ib_v1_000168,p_084,"Yaar cafe bill 1300 card se ho gaya. Unke tablet UPI pe extra mat bhejna. Mera phone theek hai, photo bhej raha hun.",LEGIT_PERSONAL,Hinglish,eval_holdout,human,,True,whatsapp,personal,friend,borrowed_phone,gold,holdout: cafe tablet
ib_v1_000169,p_085,"Bhai hospital waiting ke public phone se. 2400 pharmacy queue, UPI 2400@paytm public-booth. Announcement ho rahi call mat.",IMPERSONATION_SCAM,Hinglish,eval_holdout,human,,True,whatsapp,scammer,brother,borrowed_phone,gold,holdout: hospital public phone
ib_v1_000170,p_085,Bhai pharmacy 2400 hospital billed account se. Public booth UPI skip. Waiting area se mere number pe text kar raha hun.,LEGIT_PERSONAL,Hinglish,eval_holdout,human,,True,whatsapp,personal,brother,borrowed_phone,gold,holdout: hospital public phone
ib_v1_000171,p_086,"Driver's phone, mine in meeting room. 2800 toll+fuel driver-upi@okaxis. Don't call driver he's on highway.",IMPERSONATION_SCAM,Hinglish,eval_holdout,human,,True,whatsapp,scammer,colleague,borrowed_phone,gold,holdout: driver phone
ib_v1_000172,p_086,Meeting room se laptop pe likh raha. Toll+fuel 2800 company Fastag / fuel card. Driver UPI nahi. Cab vendor invoice aayega.,LEGIT_PERSONAL,Hinglish,eval_holdout,human,,True,whatsapp,personal,colleague,borrowed_phone,gold,holdout: driver phone
ib_v1_000173,p_087,"Yaar 2500 abhi meri personal UPI pe bhej de, client cash nikalna hai. Naya UPI purana block. Manager ko mat bolna, kal return pakka.",IMPERSONATION_SCAM,Hinglish,train,human,,True,whatsapp,scammer,colleague,return_tomorrow,gold,workplace split vs new personal UPI + secrecy
ib_v1_000174,p_087,"Yaar jo 2500 lunch+cab split tha, kal subah tere hi GPay pe return kar dunga same number. Thanks for covering today.",LEGIT_PERSONAL,Hinglish,train,human,,True,whatsapp,personal,colleague,return_tomorrow,gold,workplace split vs new personal UPI + secrecy
ib_v1_000175,p_088,"Bhai 2000 abhi UPI kar de, kal subah return. Yeh naya UPI hai purana block ho gaya. Kisi ko mat bolna.",IMPERSONATION_SCAM,Hinglish,train,human,,True,whatsapp,scammer,brother,return_tomorrow,gold,classic return-tomorrow vs known udhaar
ib_v1_000176,p_088,"Bhai jo 2000 udhaar liya tha, kal subah tere hi UPI pe return kar dunga, same ID. Thanks yaar.",LEGIT_PERSONAL,Hinglish,train,human,,True,whatsapp,personal,brother,return_tomorrow,gold,classic return-tomorrow vs known udhaar
ib_v1_000177,p_089,"Need 1800 on 1800@ybl now, petty from my side, refund tomorrow 9am. New handle, old UPI KYC failed. Don't put on the group.",IMPERSONATION_SCAM,Hinglish,train,human,,True,whatsapp,scammer,colleague,return_tomorrow,gold,petty / KYC failed excuse
ib_v1_000178,p_089,"1800 stationery I'll refund on the office reimbursement tomorrow, your known UPI not needed today. Group mein already noted.",LEGIT_PERSONAL,Hinglish,train,human,,True,whatsapp,personal,colleague,return_tomorrow,gold,petty / KYC failed excuse
ib_v1_000179,p_090,"Yaar 3200 abhi bhej de 3200@paytm, kal cricket tickets ke paise wapas. Temporary UPI, don't save this number.",IMPERSONATION_SCAM,Hinglish,train,human,,True,whatsapp,scammer,friend,return_tomorrow,gold,tickets; don't-save-number cue
ib_v1_000180,p_090,Yaar cricket tickets 3200 ka mera share kal tere old UPI pe. Temporary number save karne ki zarurat nahi kyunki yeh mera hi hai.,LEGIT_PERSONAL,Hinglish,train,human,,True,whatsapp,personal,friend,return_tomorrow,gold,tickets; don't-save-number cue
ib_v1_000181,p_091,"Bhai 1500 UPI now 1500@okicici, milk agency cash. Kal subah reverse. Naya QR, purana SIM issue. Ghar pe mat mention karna.",IMPERSONATION_SCAM,Hinglish,train,human,,True,whatsapp,scammer,brother,return_tomorrow,gold,milk agency vs tiny snacks repay
ib_v1_000182,p_091,"Bhai milk 1500 monthly auto hi kat ta hai. Extra UPI ki need nahi, kal jo snacks ka 150 tha woh tere usual pe bhej dunga.",LEGIT_PERSONAL,Hinglish,train,human,,True,whatsapp,personal,brother,return_tomorrow,gold,milk agency vs tiny snacks repay
ib_v1_000183,p_092,"Team lunch 4200 I'll reverse tomorrow, send to lunch-temp@oksbi. Old UPI frozen. Skip the expense bot for now.",IMPERSONATION_SCAM,Hinglish,train,human,,True,whatsapp,scammer,colleague,return_tomorrow,gold,expense bot vs temp UPI
ib_v1_000184,p_092,Team lunch 4200 expense bot pe split request hai. Temp UPI skip. Tomorrow I'll hit approve on the usual thread.,LEGIT_PERSONAL,Hinglish,train,human,,True,whatsapp,personal,colleague,return_tomorrow,gold,expense bot vs temp UPI
ib_v1_000185,p_093,"Bhai 6000 abhi 6000@ybl, kal salary aate hi return. Phone number change, yeh backup UPI. Papa ko mat batana.",IMPERSONATION_SCAM,Hinglish,train,human,,True,whatsapp,scammer,brother,return_tomorrow,gold,salary-return story; 6000 vs 600
ib_v1_000186,p_093,"Bhai salary aate hi jo 600 udhaar tha tere known UPI pe bhej dunga. Number change nahi hua, backup UPI mat use karna.",LEGIT_PERSONAL,Hinglish,train,human,,True,whatsapp,personal,brother,return_tomorrow,gold,salary-return story; 6000 vs 600
ib_v1_000187,p_094,"Cab for client 2700, UPI cabtemp@paytm now, reverse next morning. Don't cc travel. Handset is temporary.",IMPERSONATION_SCAM,Hinglish,train,human,,True,whatsapp,scammer,colleague,return_tomorrow,gold,cab reverse story
ib_v1_000188,p_094,Client cab 2700 Uber business se. Reverse ki zarurat nahi personal pe. Travel already cc'd. Handset same as always.,LEGIT_PERSONAL,Hinglish,train,human,,True,whatsapp,personal,colleague,return_tomorrow,gold,cab reverse story
ib_v1_000189,p_095,"Printer toner 1100, vendor wants UPI 1100@okaxis now, I'll reimburse tomorrow. New vendor QR, don't tell admin.",IMPERSONATION_SCAM,Hinglish,train,human,,True,whatsapp,scammer,colleague,return_tomorrow,gold,vendor toner
ib_v1_000190,p_095,"Printer toner 1100 PO se. Vendor personal QR nahi. Admin already knows, reimburse personal pe kal ki need nahi.",LEGIT_PERSONAL,Hinglish,train,human,,True,whatsapp,personal,colleague,return_tomorrow,gold,vendor toner
ib_v1_000191,p_096,"Bhai 800 abhi 800@ybl chai+auto, kal wapas. Yeh cousin ka UPI, mera KYC pending. Call pe mat poochna.",IMPERSONATION_SCAM,Hinglish,train,human,,True,whatsapp,scammer,brother,return_tomorrow,gold,amount mismatch tell; cousin UPI
ib_v1_000192,p_096,"Bhai chai+auto 80-100 max, kal cash. Cousin ke UPI pe 800 mat bhejna. KYC mere account pe already done hai.",LEGIT_PERSONAL,Hinglish,train,human,,True,whatsapp,personal,brother,return_tomorrow,gold,amount mismatch tell; cousin UPI
ib_v1_000193,p_097,"Advance 3500 for demo SIM, return tomorrow 3500@paytm. Temp number from vendor. Keep off email.",IMPERSONATION_SCAM,Hinglish,train,human,,True,whatsapp,scammer,colleague,return_tomorrow,gold,demo SIM
ib_v1_000194,p_097,Demo SIM 3500 vendor invoice se company. Personal Paytm advance nahi. Email pe thread open rakhna audit ke liye.,LEGIT_PERSONAL,Hinglish,train,human,,True,whatsapp,personal,colleague,return_tomorrow,gold,demo SIM
ib_v1_000195,p_098,"Parking 900 now on 900@oksbi, I'll return tomorrow. New UPI because wallet locked. Don't put in standup notes.",IMPERSONATION_SCAM,Hinglish,eval_holdout,human,,True,whatsapp,scammer,colleague,return_tomorrow,gold,holdout: parking reverse
ib_v1_000196,p_098,"Parking 900 building Fastag / office card. Wallet locked story ignore. Standup mein mention optional, personal UPI nahi.",LEGIT_PERSONAL,Hinglish,eval_holdout,human,,True,whatsapp,personal,colleague,return_tomorrow,gold,holdout: parking reverse
ib_v1_000197,p_099,"Bhai 4500 abhi 4500@ybl, kal UPI reverse pakka. Naya handle, purana dispute mein. Didi ko mat batana.",IMPERSONATION_SCAM,Hinglish,eval_holdout,human,,True,whatsapp,scammer,brother,return_tomorrow,gold,holdout: 4500 vs 450 + secrecy
ib_v1_000198,p_099,"Bhai 450 jo tune movie ke liye diya, kal tere old handle pe reverse. Dispute kuch nahi, didi ko bata bhi sakte ho.",LEGIT_PERSONAL,Hinglish,eval_holdout,human,,True,whatsapp,personal,brother,return_tomorrow,gold,holdout: 4500 vs 450 + secrecy
ib_v1_000199,p_100,"Yaar 2100 now 2100@paytm I'll send back tomorrow after cash out. Don't save beneficiary, it's a one-time UPI.",IMPERSONATION_SCAM,Hinglish,eval_holdout,human,,True,whatsapp,scammer,friend,return_tomorrow,gold,holdout: don't-save-beneficiary cue
ib_v1_000200,p_100,"Yaar 2100 jo tune already cover kiya, kal tere saved beneficiary pe wapas. One-time UPI banane ki need nahi, yeh mera old ID hai.",LEGIT_PERSONAL,Hinglish,eval_holdout,human,,True,whatsapp,personal,friend,return_tomorrow,gold,holdout: don't-save-beneficiary cue
